M03,1,B1,3,50,1.6,21.79,0.625
M04,1,B1,4,200,2.4,22.11,2.033
M05,1,B1,5,0,3.2,22.06,0.088
M06,2,B2,1,0,12.0,22.19,0.103
M07,2,B2,2,100,12.8,22.16,1.165
M08,2,B2,3,50,13.6,22.26,0.569
M09,2,B2,4,25,14.4,22.12,0.321
M10,2,B2,5,200,15.2,22.34,1.970
M11,3,B3,1,50,24.0,22.43,0.580
M12,3,B3,2,25,24.8,22.40,0.243
M13,3,B3,3,200,25.6,21.84,1.926
M14,3,B3,4,100,26.4,22.15,1.168
M15,3,B3,5,0,27.2,22.45,0.041
M16,4,B4,1,100,36.0,22.56,1.134
M17,4,B4,2,0,36.8,22.42,0.081
M18,4,B4,3,200,37.6,22.46,1.925
M19,4,B4,4,25,38.4,22.42,0.345
M20,4,B4,5,50,39.2,22.36,0.621
M21,5,B5,1,200,48.0,22.49,1.862
M22,5,B5,2,0,48.8,22.57,0.063
M23,5,B5,3,100,49.6,22.20,1.172
M24,5,B5,4,50,50.4,22.46,0.544
M25,5,B5,5,25,51.2,22.48,0.209
M26,6,B6,1,50,60.0,22.67,0.594
M27,6,B6,2,100,60.8,22.93,1.043
M28,6,B6,3,200,61.6,22.71,1.793
M29,6,B6,4,25,62.4,22.37,0.278
M30,6,B6,5,0,63.2,22.70,0.053
M31,7,B7,1,0,72.0,22.86,0.057
M32,7,B7,2,100,72.8,22.73,1.026
M33,7,B7,3,50,73.6,22.98,0.562
M34,7,B7,4,200,74.4,22.59,1.773
M35,7,B7,5,25,75.2,22.97,0.250
M36,8,B8,1,200,84.0,22.83,1.783
M37,8,B8,2,0,84.8,22.88,0.074
M38,8,B8,3,50,85.6,22.62,0.518
M39,8,B8,4,100,86.4,23.00,0.991
M40,8,B8,5,25,87.2,23.27,0.217
M41,9,B9,1,100,96.0,23.16,1.004
M42,9,B9,2,200,96.8,23.11,1.635
M43,9,B9,3,25,97.6,23.47,0.253
M44,9,B9,4,0,98.4,23.10,0.062
M45,9,B9,5,50,99.2,22.95,0.472
M46,10,B10,1,50,108.0,23.31,0.484
M47,10,B10,2,100,108.8,23.35,0.922
M48,10,B10,3,0,109.6,23.47,0.066
M49,10,B10,4,25,110.4,23.74,0.266
M50,10,B10,5,200,111.2,23.58,1.582
